[{"nickname":"titolo di prova","commento":"testo di prova"},{"nickname":"","commento":""},{"nickname":"","commento":""},{"nickname":"","commento":""},{"nickname":"","commento":""},{"nickname":"","commento":""},{"nickname":"","commento":""},{"nickname":"","commento":""},{"nickname":"","commento":""},{"nickname":"","commento":""},{"nickname":"","commento":""},{"nickname":"","commento":""},{"nickname":"","commento":""},{"nickname":"","commento":""},{"nickname":"","commento":""},{"nickname":"prova","commento":"prova2"},{"nickname":"","commento":""},{"nickname":"","commento":""}]