[{"nickname":"titolo di prova","commento":"testo di prova"},{"nickname":"Kimberly ","commento":"Nuovo post it"},{"nickname":"","commento":""},{"nickname":"","commento":""},{"nickname":"","commento":""},{"nickname":"","commento":""},{"nickname":"","commento":""},{"nickname":"","commento":""},{"nickname":"","commento":""},{"nickname":"","commento":""},{"nickname":"","commento":""},{"nickname":"","commento":""},{"nickname":"","commento":""},{"nickname":"","commento":""},{"nickname":"","commento":""},{"nickname":"","commento":""},{"nickname":"","commento":""},{"nickname":"kim e simo","commento":"progetto: questo è il social post it"},{"nickname":"","commento":""},{"nickname":"prova","commento":"prova2"}]